scope	case	arm	category	value	unit	known_part	missing	accounting
historical_trial	D01-gripper-sign	A	simulator_wall	92.439394	s			Simulator wall is nested within phase walls. own_trial_wall is the sum of phases; never add these overlapping components. Historical R&D/preparation is bound once at suite level, without amortization.
historical_trial	D01-gripper-sign	A	diagnostic_wall	11.397929541999474	s			Simulator wall is nested within phase walls. own_trial_wall is the sum of phases; never add these overlapping components. Historical R&D/preparation is bound once at suite level, without amortization.
historical_trial	D01-gripper-sign	A	confirmation_wall	109.74186258297414	s			Simulator wall is nested within phase walls. own_trial_wall is the sum of phases; never add these overlapping components. Historical R&D/preparation is bound once at suite level, without amortization.
historical_trial	D01-gripper-sign	A	own_trial_wall	121.13979212497361	s			Simulator wall is nested within phase walls. own_trial_wall is the sum of phases; never add these overlapping components. Historical R&D/preparation is bound once at suite level, without amortization.
historical_trial	D01-gripper-sign	A	agent_tokens	unknown	tokens		Scripted solver used no model calls; engineering-session provider accounting is unavailable	Simulator wall is nested within phase walls. own_trial_wall is the sum of phases; never add these overlapping components. Historical R&D/preparation is bound once at suite level, without amortization.
historical_trial	D01-gripper-sign	A	engineer_time	unknown	s		Not tracked; scripts do not measure engineer productivity	Simulator wall is nested within phase walls. own_trial_wall is the sum of phases; never add these overlapping components. Historical R&D/preparation is bound once at suite level, without amortization.
historical_trial	D01-gripper-sign	A	provider_and_compute_charges	unknown	USD		No invoices or power meter	Simulator wall is nested within phase walls. own_trial_wall is the sum of phases; never add these overlapping components. Historical R&D/preparation is bound once at suite level, without amortization.
new_processing	D01-gripper-sign	A	terminal_read_wall	0.009410500060766935	s			Nested in packet processing and outer command wall
new_processing	D01-gripper-sign	A	writer_attempt_walls	0.006798540940508246	s	0.006798540940508246		Writer attempt walls include lock waits and may overlap between contending callers. Nested in caller command walls; not additional simulation cost or elapsed engineering time.
historical_trial	D01-gripper-sign	B	simulator_wall	92.853336	s			Simulator wall is nested within phase walls. own_trial_wall is the sum of phases; never add these overlapping components. Historical R&D/preparation is bound once at suite level, without amortization.
historical_trial	D01-gripper-sign	B	diagnostic_wall	14.798608041135594	s			Simulator wall is nested within phase walls. own_trial_wall is the sum of phases; never add these overlapping components. Historical R&D/preparation is bound once at suite level, without amortization.
historical_trial	D01-gripper-sign	B	confirmation_wall	105.67226150003262	s			Simulator wall is nested within phase walls. own_trial_wall is the sum of phases; never add these overlapping components. Historical R&D/preparation is bound once at suite level, without amortization.
historical_trial	D01-gripper-sign	B	own_trial_wall	120.47086954116821	s			Simulator wall is nested within phase walls. own_trial_wall is the sum of phases; never add these overlapping components. Historical R&D/preparation is bound once at suite level, without amortization.
historical_trial	D01-gripper-sign	B	agent_tokens	unknown	tokens		Scripted solver used no model calls; engineering-session provider accounting is unavailable	Simulator wall is nested within phase walls. own_trial_wall is the sum of phases; never add these overlapping components. Historical R&D/preparation is bound once at suite level, without amortization.
historical_trial	D01-gripper-sign	B	engineer_time	unknown	s		Not tracked; scripts do not measure engineer productivity	Simulator wall is nested within phase walls. own_trial_wall is the sum of phases; never add these overlapping components. Historical R&D/preparation is bound once at suite level, without amortization.
historical_trial	D01-gripper-sign	B	provider_and_compute_charges	unknown	USD		No invoices or power meter	Simulator wall is nested within phase walls. own_trial_wall is the sum of phases; never add these overlapping components. Historical R&D/preparation is bound once at suite level, without amortization.
new_processing	D01-gripper-sign	B	terminal_read_wall	0.00892191706225276	s			Nested in packet processing and outer command wall
new_processing	D01-gripper-sign	B	writer_attempt_walls	0.006197748938575387	s	0.006197748938575387		Writer attempt walls include lock waits and may overlap between contending callers. Nested in caller command walls; not additional simulation cost or elapsed engineering time.
historical_trial	D02-cartesian-axis	A	simulator_wall	90.231197	s			Simulator wall is nested within phase walls. own_trial_wall is the sum of phases; never add these overlapping components. Historical R&D/preparation is bound once at suite level, without amortization.
historical_trial	D02-cartesian-axis	A	diagnostic_wall	11.435535042081028	s			Simulator wall is nested within phase walls. own_trial_wall is the sum of phases; never add these overlapping components. Historical R&D/preparation is bound once at suite level, without amortization.
historical_trial	D02-cartesian-axis	A	confirmation_wall	103.73763779294677	s			Simulator wall is nested within phase walls. own_trial_wall is the sum of phases; never add these overlapping components. Historical R&D/preparation is bound once at suite level, without amortization.
historical_trial	D02-cartesian-axis	A	own_trial_wall	115.1731728350278	s			Simulator wall is nested within phase walls. own_trial_wall is the sum of phases; never add these overlapping components. Historical R&D/preparation is bound once at suite level, without amortization.
historical_trial	D02-cartesian-axis	A	agent_tokens	unknown	tokens		Scripted solver used no model calls; engineering-session provider accounting is unavailable	Simulator wall is nested within phase walls. own_trial_wall is the sum of phases; never add these overlapping components. Historical R&D/preparation is bound once at suite level, without amortization.
historical_trial	D02-cartesian-axis	A	engineer_time	unknown	s		Not tracked; scripts do not measure engineer productivity	Simulator wall is nested within phase walls. own_trial_wall is the sum of phases; never add these overlapping components. Historical R&D/preparation is bound once at suite level, without amortization.
historical_trial	D02-cartesian-axis	A	provider_and_compute_charges	unknown	USD		No invoices or power meter	Simulator wall is nested within phase walls. own_trial_wall is the sum of phases; never add these overlapping components. Historical R&D/preparation is bound once at suite level, without amortization.
new_processing	D02-cartesian-axis	A	terminal_read_wall	0.009123749798163772	s			Nested in packet processing and outer command wall
new_processing	D02-cartesian-axis	A	writer_attempt_walls	0.006756582763046026	s	0.006756582763046026		Writer attempt walls include lock waits and may overlap between contending callers. Nested in caller command walls; not additional simulation cost or elapsed engineering time.
historical_trial	D02-cartesian-axis	B	simulator_wall	94.176382	s			Simulator wall is nested within phase walls. own_trial_wall is the sum of phases; never add these overlapping components. Historical R&D/preparation is bound once at suite level, without amortization.
historical_trial	D02-cartesian-axis	B	diagnostic_wall	15.67252012505196	s			Simulator wall is nested within phase walls. own_trial_wall is the sum of phases; never add these overlapping components. Historical R&D/preparation is bound once at suite level, without amortization.
historical_trial	D02-cartesian-axis	B	confirmation_wall	107.0151001252234	s			Simulator wall is nested within phase walls. own_trial_wall is the sum of phases; never add these overlapping components. Historical R&D/preparation is bound once at suite level, without amortization.
historical_trial	D02-cartesian-axis	B	own_trial_wall	122.68762025027536	s			Simulator wall is nested within phase walls. own_trial_wall is the sum of phases; never add these overlapping components. Historical R&D/preparation is bound once at suite level, without amortization.
historical_trial	D02-cartesian-axis	B	agent_tokens	unknown	tokens		Scripted solver used no model calls; engineering-session provider accounting is unavailable	Simulator wall is nested within phase walls. own_trial_wall is the sum of phases; never add these overlapping components. Historical R&D/preparation is bound once at suite level, without amortization.
historical_trial	D02-cartesian-axis	B	engineer_time	unknown	s		Not tracked; scripts do not measure engineer productivity	Simulator wall is nested within phase walls. own_trial_wall is the sum of phases; never add these overlapping components. Historical R&D/preparation is bound once at suite level, without amortization.
historical_trial	D02-cartesian-axis	B	provider_and_compute_charges	unknown	USD		No invoices or power meter	Simulator wall is nested within phase walls. own_trial_wall is the sum of phases; never add these overlapping components. Historical R&D/preparation is bound once at suite level, without amortization.
new_processing	D02-cartesian-axis	B	terminal_read_wall	0.010712291114032269	s			Nested in packet processing and outer command wall
new_processing	D02-cartesian-axis	B	writer_attempt_walls	0.0065242929849773645	s	0.0065242929849773645		Writer attempt walls include lock waits and may overlap between contending callers. Nested in caller command walls; not additional simulation cost or elapsed engineering time.
historical_trial	D03-observation-backlog	A	simulator_wall	76.47126399999999	s			Simulator wall is nested within phase walls. own_trial_wall is the sum of phases; never add these overlapping components. Historical R&D/preparation is bound once at suite level, without amortization.
historical_trial	D03-observation-backlog	A	diagnostic_wall	4.2202489578630775	s			Simulator wall is nested within phase walls. own_trial_wall is the sum of phases; never add these overlapping components. Historical R&D/preparation is bound once at suite level, without amortization.
historical_trial	D03-observation-backlog	A	confirmation_wall	91.98365787486546	s			Simulator wall is nested within phase walls. own_trial_wall is the sum of phases; never add these overlapping components. Historical R&D/preparation is bound once at suite level, without amortization.
historical_trial	D03-observation-backlog	A	own_trial_wall	96.20390683272853	s			Simulator wall is nested within phase walls. own_trial_wall is the sum of phases; never add these overlapping components. Historical R&D/preparation is bound once at suite level, without amortization.
historical_trial	D03-observation-backlog	A	agent_tokens	unknown	tokens		Scripted solver used no model calls; engineering-session provider accounting is unavailable	Simulator wall is nested within phase walls. own_trial_wall is the sum of phases; never add these overlapping components. Historical R&D/preparation is bound once at suite level, without amortization.
historical_trial	D03-observation-backlog	A	engineer_time	unknown	s		Not tracked; scripts do not measure engineer productivity	Simulator wall is nested within phase walls. own_trial_wall is the sum of phases; never add these overlapping components. Historical R&D/preparation is bound once at suite level, without amortization.
historical_trial	D03-observation-backlog	A	provider_and_compute_charges	unknown	USD		No invoices or power meter	Simulator wall is nested within phase walls. own_trial_wall is the sum of phases; never add these overlapping components. Historical R&D/preparation is bound once at suite level, without amortization.
new_processing	D03-observation-backlog	A	terminal_read_wall	0.009637666866183281	s			Nested in packet processing and outer command wall
new_processing	D03-observation-backlog	A	writer_attempt_walls	0.006257000844925642	s	0.006257000844925642		Writer attempt walls include lock waits and may overlap between contending callers. Nested in caller command walls; not additional simulation cost or elapsed engineering time.
historical_trial	D03-observation-backlog	B	simulator_wall	77.356438	s			Simulator wall is nested within phase walls. own_trial_wall is the sum of phases; never add these overlapping components. Historical R&D/preparation is bound once at suite level, without amortization.
historical_trial	D03-observation-backlog	B	diagnostic_wall	5.443129874998704	s			Simulator wall is nested within phase walls. own_trial_wall is the sum of phases; never add these overlapping components. Historical R&D/preparation is bound once at suite level, without amortization.
historical_trial	D03-observation-backlog	B	confirmation_wall	92.5140829582233	s			Simulator wall is nested within phase walls. own_trial_wall is the sum of phases; never add these overlapping components. Historical R&D/preparation is bound once at suite level, without amortization.
historical_trial	D03-observation-backlog	B	own_trial_wall	97.957212833222	s			Simulator wall is nested within phase walls. own_trial_wall is the sum of phases; never add these overlapping components. Historical R&D/preparation is bound once at suite level, without amortization.
historical_trial	D03-observation-backlog	B	agent_tokens	unknown	tokens		Scripted solver used no model calls; engineering-session provider accounting is unavailable	Simulator wall is nested within phase walls. own_trial_wall is the sum of phases; never add these overlapping components. Historical R&D/preparation is bound once at suite level, without amortization.
historical_trial	D03-observation-backlog	B	engineer_time	unknown	s		Not tracked; scripts do not measure engineer productivity	Simulator wall is nested within phase walls. own_trial_wall is the sum of phases; never add these overlapping components. Historical R&D/preparation is bound once at suite level, without amortization.
historical_trial	D03-observation-backlog	B	provider_and_compute_charges	unknown	USD		No invoices or power meter	Simulator wall is nested within phase walls. own_trial_wall is the sum of phases; never add these overlapping components. Historical R&D/preparation is bound once at suite level, without amortization.
new_processing	D03-observation-backlog	B	terminal_read_wall	0.008883875096216798	s			Nested in packet processing and outer command wall
new_processing	D03-observation-backlog	B	writer_attempt_walls	0.006460541160777211	s	0.006460541160777211		Writer attempt walls include lock waits and may overlap between contending callers. Nested in caller command walls; not additional simulation cost or elapsed engineering time.
historical_trial	D04-observation-hold	A	simulator_wall	84.321005	s			Simulator wall is nested within phase walls. own_trial_wall is the sum of phases; never add these overlapping components. Historical R&D/preparation is bound once at suite level, without amortization.
historical_trial	D04-observation-hold	A	diagnostic_wall	3.9495853749103844	s			Simulator wall is nested within phase walls. own_trial_wall is the sum of phases; never add these overlapping components. Historical R&D/preparation is bound once at suite level, without amortization.
historical_trial	D04-observation-hold	A	confirmation_wall	102.23239495814778	s			Simulator wall is nested within phase walls. own_trial_wall is the sum of phases; never add these overlapping components. Historical R&D/preparation is bound once at suite level, without amortization.
historical_trial	D04-observation-hold	A	own_trial_wall	106.18198033305816	s			Simulator wall is nested within phase walls. own_trial_wall is the sum of phases; never add these overlapping components. Historical R&D/preparation is bound once at suite level, without amortization.
historical_trial	D04-observation-hold	A	agent_tokens	unknown	tokens		Scripted solver used no model calls; engineering-session provider accounting is unavailable	Simulator wall is nested within phase walls. own_trial_wall is the sum of phases; never add these overlapping components. Historical R&D/preparation is bound once at suite level, without amortization.
historical_trial	D04-observation-hold	A	engineer_time	unknown	s		Not tracked; scripts do not measure engineer productivity	Simulator wall is nested within phase walls. own_trial_wall is the sum of phases; never add these overlapping components. Historical R&D/preparation is bound once at suite level, without amortization.
historical_trial	D04-observation-hold	A	provider_and_compute_charges	unknown	USD		No invoices or power meter	Simulator wall is nested within phase walls. own_trial_wall is the sum of phases; never add these overlapping components. Historical R&D/preparation is bound once at suite level, without amortization.
new_processing	D04-observation-hold	A	terminal_read_wall	0.0094198330771178	s			Nested in packet processing and outer command wall
new_processing	D04-observation-hold	A	writer_attempt_walls	0.005818499717861414	s	0.005818499717861414		Writer attempt walls include lock waits and may overlap between contending callers. Nested in caller command walls; not additional simulation cost or elapsed engineering time.
historical_trial	D04-observation-hold	B	simulator_wall	82.4501	s			Simulator wall is nested within phase walls. own_trial_wall is the sum of phases; never add these overlapping components. Historical R&D/preparation is bound once at suite level, without amortization.
historical_trial	D04-observation-hold	B	diagnostic_wall	5.106641374994069	s			Simulator wall is nested within phase walls. own_trial_wall is the sum of phases; never add these overlapping components. Historical R&D/preparation is bound once at suite level, without amortization.
historical_trial	D04-observation-hold	B	confirmation_wall	100.13713879184797	s			Simulator wall is nested within phase walls. own_trial_wall is the sum of phases; never add these overlapping components. Historical R&D/preparation is bound once at suite level, without amortization.
historical_trial	D04-observation-hold	B	own_trial_wall	105.24378016684204	s			Simulator wall is nested within phase walls. own_trial_wall is the sum of phases; never add these overlapping components. Historical R&D/preparation is bound once at suite level, without amortization.
historical_trial	D04-observation-hold	B	agent_tokens	unknown	tokens		Scripted solver used no model calls; engineering-session provider accounting is unavailable	Simulator wall is nested within phase walls. own_trial_wall is the sum of phases; never add these overlapping components. Historical R&D/preparation is bound once at suite level, without amortization.
historical_trial	D04-observation-hold	B	engineer_time	unknown	s		Not tracked; scripts do not measure engineer productivity	Simulator wall is nested within phase walls. own_trial_wall is the sum of phases; never add these overlapping components. Historical R&D/preparation is bound once at suite level, without amortization.
historical_trial	D04-observation-hold	B	provider_and_compute_charges	unknown	USD		No invoices or power meter	Simulator wall is nested within phase walls. own_trial_wall is the sum of phases; never add these overlapping components. Historical R&D/preparation is bound once at suite level, without amortization.
new_processing	D04-observation-hold	B	terminal_read_wall	0.008227915968745947	s			Nested in packet processing and outer command wall
new_processing	D04-observation-hold	B	writer_attempt_walls	0.005578042007982731	s	0.005578042007982731		Writer attempt walls include lock waits and may overlap between contending callers. Nested in caller command walls; not additional simulation cost or elapsed engineering time.
historical_trial	D05-recurrent-carry	A	simulator_wall	152.844926	s			Simulator wall is nested within phase walls. own_trial_wall is the sum of phases; never add these overlapping components. Historical R&D/preparation is bound once at suite level, without amortization.
historical_trial	D05-recurrent-carry	A	diagnostic_wall	12.988776709185913	s			Simulator wall is nested within phase walls. own_trial_wall is the sum of phases; never add these overlapping components. Historical R&D/preparation is bound once at suite level, without amortization.
historical_trial	D05-recurrent-carry	A	confirmation_wall	180.7802970011253	s			Simulator wall is nested within phase walls. own_trial_wall is the sum of phases; never add these overlapping components. Historical R&D/preparation is bound once at suite level, without amortization.
historical_trial	D05-recurrent-carry	A	own_trial_wall	193.7690737103112	s			Simulator wall is nested within phase walls. own_trial_wall is the sum of phases; never add these overlapping components. Historical R&D/preparation is bound once at suite level, without amortization.
historical_trial	D05-recurrent-carry	A	agent_tokens	unknown	tokens		Scripted solver used no model calls; engineering-session provider accounting is unavailable	Simulator wall is nested within phase walls. own_trial_wall is the sum of phases; never add these overlapping components. Historical R&D/preparation is bound once at suite level, without amortization.
historical_trial	D05-recurrent-carry	A	engineer_time	unknown	s		Not tracked; scripts do not measure engineer productivity	Simulator wall is nested within phase walls. own_trial_wall is the sum of phases; never add these overlapping components. Historical R&D/preparation is bound once at suite level, without amortization.
historical_trial	D05-recurrent-carry	A	provider_and_compute_charges	unknown	USD		No invoices or power meter	Simulator wall is nested within phase walls. own_trial_wall is the sum of phases; never add these overlapping components. Historical R&D/preparation is bound once at suite level, without amortization.
new_processing	D05-recurrent-carry	A	terminal_read_wall	0.012869375059381127	s			Nested in packet processing and outer command wall
new_processing	D05-recurrent-carry	A	writer_attempt_walls	0.006898959167301655	s	0.006898959167301655		Writer attempt walls include lock waits and may overlap between contending callers. Nested in caller command walls; not additional simulation cost or elapsed engineering time.
historical_trial	D05-recurrent-carry	B	simulator_wall	167.52428	s			Simulator wall is nested within phase walls. own_trial_wall is the sum of phases; never add these overlapping components. Historical R&D/preparation is bound once at suite level, without amortization.
historical_trial	D05-recurrent-carry	B	diagnostic_wall	17.85063458303921	s			Simulator wall is nested within phase walls. own_trial_wall is the sum of phases; never add these overlapping components. Historical R&D/preparation is bound once at suite level, without amortization.
historical_trial	D05-recurrent-carry	B	confirmation_wall	188.40668070712127	s			Simulator wall is nested within phase walls. own_trial_wall is the sum of phases; never add these overlapping components. Historical R&D/preparation is bound once at suite level, without amortization.
historical_trial	D05-recurrent-carry	B	own_trial_wall	206.25731529016048	s			Simulator wall is nested within phase walls. own_trial_wall is the sum of phases; never add these overlapping components. Historical R&D/preparation is bound once at suite level, without amortization.
historical_trial	D05-recurrent-carry	B	agent_tokens	unknown	tokens		Scripted solver used no model calls; engineering-session provider accounting is unavailable	Simulator wall is nested within phase walls. own_trial_wall is the sum of phases; never add these overlapping components. Historical R&D/preparation is bound once at suite level, without amortization.
historical_trial	D05-recurrent-carry	B	engineer_time	unknown	s		Not tracked; scripts do not measure engineer productivity	Simulator wall is nested within phase walls. own_trial_wall is the sum of phases; never add these overlapping components. Historical R&D/preparation is bound once at suite level, without amortization.
historical_trial	D05-recurrent-carry	B	provider_and_compute_charges	unknown	USD		No invoices or power meter	Simulator wall is nested within phase walls. own_trial_wall is the sum of phases; never add these overlapping components. Historical R&D/preparation is bound once at suite level, without amortization.
new_processing	D05-recurrent-carry	B	terminal_read_wall	0.011915832990780473	s			Nested in packet processing and outer command wall
new_processing	D05-recurrent-carry	B	writer_attempt_walls	0.00679816585034132	s	0.00679816585034132		Writer attempt walls include lock waits and may overlap between contending callers. Nested in caller command walls; not additional simulation cost or elapsed engineering time.
historical_trial	D06-stateless-inference	A	simulator_wall	2.320199	s			Simulator wall is nested within phase walls. own_trial_wall is the sum of phases; never add these overlapping components. Historical R&D/preparation is bound once at suite level, without amortization.
historical_trial	D06-stateless-inference	A	diagnostic_wall	2.7334674168378115	s			Simulator wall is nested within phase walls. own_trial_wall is the sum of phases; never add these overlapping components. Historical R&D/preparation is bound once at suite level, without amortization.
historical_trial	D06-stateless-inference	A	confirmation_wall	0	s			Simulator wall is nested within phase walls. own_trial_wall is the sum of phases; never add these overlapping components. Historical R&D/preparation is bound once at suite level, without amortization.
historical_trial	D06-stateless-inference	A	own_trial_wall	2.7334674168378115	s			Simulator wall is nested within phase walls. own_trial_wall is the sum of phases; never add these overlapping components. Historical R&D/preparation is bound once at suite level, without amortization.
historical_trial	D06-stateless-inference	A	agent_tokens	unknown	tokens		Scripted solver used no model calls; engineering-session provider accounting is unavailable	Simulator wall is nested within phase walls. own_trial_wall is the sum of phases; never add these overlapping components. Historical R&D/preparation is bound once at suite level, without amortization.
historical_trial	D06-stateless-inference	A	engineer_time	unknown	s		Not tracked; scripts do not measure engineer productivity	Simulator wall is nested within phase walls. own_trial_wall is the sum of phases; never add these overlapping components. Historical R&D/preparation is bound once at suite level, without amortization.
historical_trial	D06-stateless-inference	A	provider_and_compute_charges	unknown	USD		No invoices or power meter	Simulator wall is nested within phase walls. own_trial_wall is the sum of phases; never add these overlapping components. Historical R&D/preparation is bound once at suite level, without amortization.
new_processing	D06-stateless-inference	A	terminal_read_wall	0.005855417111888528	s			Nested in packet processing and outer command wall
new_processing	D06-stateless-inference	A	writer_attempt_walls	0.005180832929909229	s	0.005180832929909229		Writer attempt walls include lock waits and may overlap between contending callers. Nested in caller command walls; not additional simulation cost or elapsed engineering time.
historical_trial	D06-stateless-inference	B	simulator_wall	2.111989	s			Simulator wall is nested within phase walls. own_trial_wall is the sum of phases; never add these overlapping components. Historical R&D/preparation is bound once at suite level, without amortization.
historical_trial	D06-stateless-inference	B	diagnostic_wall	2.5104675418697298	s			Simulator wall is nested within phase walls. own_trial_wall is the sum of phases; never add these overlapping components. Historical R&D/preparation is bound once at suite level, without amortization.
historical_trial	D06-stateless-inference	B	confirmation_wall	0	s			Simulator wall is nested within phase walls. own_trial_wall is the sum of phases; never add these overlapping components. Historical R&D/preparation is bound once at suite level, without amortization.
historical_trial	D06-stateless-inference	B	own_trial_wall	2.5104675418697298	s			Simulator wall is nested within phase walls. own_trial_wall is the sum of phases; never add these overlapping components. Historical R&D/preparation is bound once at suite level, without amortization.
historical_trial	D06-stateless-inference	B	agent_tokens	unknown	tokens		Scripted solver used no model calls; engineering-session provider accounting is unavailable	Simulator wall is nested within phase walls. own_trial_wall is the sum of phases; never add these overlapping components. Historical R&D/preparation is bound once at suite level, without amortization.
historical_trial	D06-stateless-inference	B	engineer_time	unknown	s		Not tracked; scripts do not measure engineer productivity	Simulator wall is nested within phase walls. own_trial_wall is the sum of phases; never add these overlapping components. Historical R&D/preparation is bound once at suite level, without amortization.
historical_trial	D06-stateless-inference	B	provider_and_compute_charges	unknown	USD		No invoices or power meter	Simulator wall is nested within phase walls. own_trial_wall is the sum of phases; never add these overlapping components. Historical R&D/preparation is bound once at suite level, without amortization.
new_processing	D06-stateless-inference	B	terminal_read_wall	0.005999957909807563	s			Nested in packet processing and outer command wall
new_processing	D06-stateless-inference	B	writer_attempt_walls	0.005551832960918546	s	0.005551832960918546		Writer attempt walls include lock waits and may overlap between contending callers. Nested in caller command walls; not additional simulation cost or elapsed engineering time.
historical_trial	D07-sign-and-backlog	A	simulator_wall	92.45401	s			Simulator wall is nested within phase walls. own_trial_wall is the sum of phases; never add these overlapping components. Historical R&D/preparation is bound once at suite level, without amortization.
historical_trial	D07-sign-and-backlog	A	diagnostic_wall	21.689657374983653	s			Simulator wall is nested within phase walls. own_trial_wall is the sum of phases; never add these overlapping components. Historical R&D/preparation is bound once at suite level, without amortization.
historical_trial	D07-sign-and-backlog	A	confirmation_wall	96.01155158411711	s			Simulator wall is nested within phase walls. own_trial_wall is the sum of phases; never add these overlapping components. Historical R&D/preparation is bound once at suite level, without amortization.
historical_trial	D07-sign-and-backlog	A	own_trial_wall	117.70120895910077	s			Simulator wall is nested within phase walls. own_trial_wall is the sum of phases; never add these overlapping components. Historical R&D/preparation is bound once at suite level, without amortization.
historical_trial	D07-sign-and-backlog	A	agent_tokens	unknown	tokens		Scripted solver used no model calls; engineering-session provider accounting is unavailable	Simulator wall is nested within phase walls. own_trial_wall is the sum of phases; never add these overlapping components. Historical R&D/preparation is bound once at suite level, without amortization.
historical_trial	D07-sign-and-backlog	A	engineer_time	unknown	s		Not tracked; scripts do not measure engineer productivity	Simulator wall is nested within phase walls. own_trial_wall is the sum of phases; never add these overlapping components. Historical R&D/preparation is bound once at suite level, without amortization.
historical_trial	D07-sign-and-backlog	A	provider_and_compute_charges	unknown	USD		No invoices or power meter	Simulator wall is nested within phase walls. own_trial_wall is the sum of phases; never add these overlapping components. Historical R&D/preparation is bound once at suite level, without amortization.
new_processing	D07-sign-and-backlog	A	terminal_read_wall	0.009191707940772176	s			Nested in packet processing and outer command wall
new_processing	D07-sign-and-backlog	A	writer_attempt_walls	0.006598582724109292	s	0.006598582724109292		Writer attempt walls include lock waits and may overlap between contending callers. Nested in caller command walls; not additional simulation cost or elapsed engineering time.
historical_trial	D07-sign-and-backlog	B	simulator_wall	93.119976	s			Simulator wall is nested within phase walls. own_trial_wall is the sum of phases; never add these overlapping components. Historical R&D/preparation is bound once at suite level, without amortization.
historical_trial	D07-sign-and-backlog	B	diagnostic_wall	34.267651207977906	s			Simulator wall is nested within phase walls. own_trial_wall is the sum of phases; never add these overlapping components. Historical R&D/preparation is bound once at suite level, without amortization.
historical_trial	D07-sign-and-backlog	B	confirmation_wall	97.4525999170728	s			Simulator wall is nested within phase walls. own_trial_wall is the sum of phases; never add these overlapping components. Historical R&D/preparation is bound once at suite level, without amortization.
historical_trial	D07-sign-and-backlog	B	own_trial_wall	131.7202511250507	s			Simulator wall is nested within phase walls. own_trial_wall is the sum of phases; never add these overlapping components. Historical R&D/preparation is bound once at suite level, without amortization.
historical_trial	D07-sign-and-backlog	B	agent_tokens	unknown	tokens		Scripted solver used no model calls; engineering-session provider accounting is unavailable	Simulator wall is nested within phase walls. own_trial_wall is the sum of phases; never add these overlapping components. Historical R&D/preparation is bound once at suite level, without amortization.
historical_trial	D07-sign-and-backlog	B	engineer_time	unknown	s		Not tracked; scripts do not measure engineer productivity	Simulator wall is nested within phase walls. own_trial_wall is the sum of phases; never add these overlapping components. Historical R&D/preparation is bound once at suite level, without amortization.
historical_trial	D07-sign-and-backlog	B	provider_and_compute_charges	unknown	USD		No invoices or power meter	Simulator wall is nested within phase walls. own_trial_wall is the sum of phases; never add these overlapping components. Historical R&D/preparation is bound once at suite level, without amortization.
new_processing	D07-sign-and-backlog	B	terminal_read_wall	0.008579874876886606	s			Nested in packet processing and outer command wall
new_processing	D07-sign-and-backlog	B	writer_attempt_walls	0.006026166956871748	s	0.006026166956871748		Writer attempt walls include lock waits and may overlap between contending callers. Nested in caller command walls; not additional simulation cost or elapsed engineering time.
historical_trial	D08-old-future-replay	A	simulator_wall	7.449542	s			Simulator wall is nested within phase walls. own_trial_wall is the sum of phases; never add these overlapping components. Historical R&D/preparation is bound once at suite level, without amortization.
historical_trial	D08-old-future-replay	A	diagnostic_wall	9.955929249990731	s			Simulator wall is nested within phase walls. own_trial_wall is the sum of phases; never add these overlapping components. Historical R&D/preparation is bound once at suite level, without amortization.
historical_trial	D08-old-future-replay	A	confirmation_wall	0	s			Simulator wall is nested within phase walls. own_trial_wall is the sum of phases; never add these overlapping components. Historical R&D/preparation is bound once at suite level, without amortization.
historical_trial	D08-old-future-replay	A	own_trial_wall	9.955929249990731	s			Simulator wall is nested within phase walls. own_trial_wall is the sum of phases; never add these overlapping components. Historical R&D/preparation is bound once at suite level, without amortization.
historical_trial	D08-old-future-replay	A	agent_tokens	unknown	tokens		Scripted solver used no model calls; engineering-session provider accounting is unavailable	Simulator wall is nested within phase walls. own_trial_wall is the sum of phases; never add these overlapping components. Historical R&D/preparation is bound once at suite level, without amortization.
historical_trial	D08-old-future-replay	A	engineer_time	unknown	s		Not tracked; scripts do not measure engineer productivity	Simulator wall is nested within phase walls. own_trial_wall is the sum of phases; never add these overlapping components. Historical R&D/preparation is bound once at suite level, without amortization.
historical_trial	D08-old-future-replay	A	provider_and_compute_charges	unknown	USD		No invoices or power meter	Simulator wall is nested within phase walls. own_trial_wall is the sum of phases; never add these overlapping components. Historical R&D/preparation is bound once at suite level, without amortization.
new_processing	D08-old-future-replay	A	terminal_read_wall	0.005674832966178656	s			Nested in packet processing and outer command wall
new_processing	D08-old-future-replay	A	writer_attempt_walls	0.005390041973441839	s	0.005390041973441839		Writer attempt walls include lock waits and may overlap between contending callers. Nested in caller command walls; not additional simulation cost or elapsed engineering time.
historical_trial	D08-old-future-replay	B	simulator_wall	7.55497	s			Simulator wall is nested within phase walls. own_trial_wall is the sum of phases; never add these overlapping components. Historical R&D/preparation is bound once at suite level, without amortization.
historical_trial	D08-old-future-replay	B	diagnostic_wall	9.99631566600874	s			Simulator wall is nested within phase walls. own_trial_wall is the sum of phases; never add these overlapping components. Historical R&D/preparation is bound once at suite level, without amortization.
historical_trial	D08-old-future-replay	B	confirmation_wall	0	s			Simulator wall is nested within phase walls. own_trial_wall is the sum of phases; never add these overlapping components. Historical R&D/preparation is bound once at suite level, without amortization.
historical_trial	D08-old-future-replay	B	own_trial_wall	9.99631566600874	s			Simulator wall is nested within phase walls. own_trial_wall is the sum of phases; never add these overlapping components. Historical R&D/preparation is bound once at suite level, without amortization.
historical_trial	D08-old-future-replay	B	agent_tokens	unknown	tokens		Scripted solver used no model calls; engineering-session provider accounting is unavailable	Simulator wall is nested within phase walls. own_trial_wall is the sum of phases; never add these overlapping components. Historical R&D/preparation is bound once at suite level, without amortization.
historical_trial	D08-old-future-replay	B	engineer_time	unknown	s		Not tracked; scripts do not measure engineer productivity	Simulator wall is nested within phase walls. own_trial_wall is the sum of phases; never add these overlapping components. Historical R&D/preparation is bound once at suite level, without amortization.
historical_trial	D08-old-future-replay	B	provider_and_compute_charges	unknown	USD		No invoices or power meter	Simulator wall is nested within phase walls. own_trial_wall is the sum of phases; never add these overlapping components. Historical R&D/preparation is bound once at suite level, without amortization.
new_processing	D08-old-future-replay	B	terminal_read_wall	0.005105959018692374	s			Nested in packet processing and outer command wall
new_processing	D08-old-future-replay	B	writer_attempt_walls	0.00485037500038743	s	0.00485037500038743		Writer attempt walls include lock waits and may overlap between contending callers. Nested in caller command walls; not additional simulation cost or elapsed engineering time.
historical_trial	D09-action-suppression	A	simulator_wall	90.580213	s			Simulator wall is nested within phase walls. own_trial_wall is the sum of phases; never add these overlapping components. Historical R&D/preparation is bound once at suite level, without amortization.
historical_trial	D09-action-suppression	A	diagnostic_wall	20.042563416063786	s			Simulator wall is nested within phase walls. own_trial_wall is the sum of phases; never add these overlapping components. Historical R&D/preparation is bound once at suite level, without amortization.
historical_trial	D09-action-suppression	A	confirmation_wall	95.13512825011276	s			Simulator wall is nested within phase walls. own_trial_wall is the sum of phases; never add these overlapping components. Historical R&D/preparation is bound once at suite level, without amortization.
historical_trial	D09-action-suppression	A	own_trial_wall	115.17769166617654	s			Simulator wall is nested within phase walls. own_trial_wall is the sum of phases; never add these overlapping components. Historical R&D/preparation is bound once at suite level, without amortization.
historical_trial	D09-action-suppression	A	agent_tokens	unknown	tokens		Scripted solver used no model calls; engineering-session provider accounting is unavailable	Simulator wall is nested within phase walls. own_trial_wall is the sum of phases; never add these overlapping components. Historical R&D/preparation is bound once at suite level, without amortization.
historical_trial	D09-action-suppression	A	engineer_time	unknown	s		Not tracked; scripts do not measure engineer productivity	Simulator wall is nested within phase walls. own_trial_wall is the sum of phases; never add these overlapping components. Historical R&D/preparation is bound once at suite level, without amortization.
historical_trial	D09-action-suppression	A	provider_and_compute_charges	unknown	USD		No invoices or power meter	Simulator wall is nested within phase walls. own_trial_wall is the sum of phases; never add these overlapping components. Historical R&D/preparation is bound once at suite level, without amortization.
new_processing	D09-action-suppression	A	terminal_read_wall	0.008532291045412421	s			Nested in packet processing and outer command wall
new_processing	D09-action-suppression	A	writer_attempt_walls	0.005645084427669644	s	0.005645084427669644		Writer attempt walls include lock waits and may overlap between contending callers. Nested in caller command walls; not additional simulation cost or elapsed engineering time.
historical_trial	D09-action-suppression	B	simulator_wall	91.72196000000001	s			Simulator wall is nested within phase walls. own_trial_wall is the sum of phases; never add these overlapping components. Historical R&D/preparation is bound once at suite level, without amortization.
historical_trial	D09-action-suppression	B	diagnostic_wall	29.40968208387494	s			Simulator wall is nested within phase walls. own_trial_wall is the sum of phases; never add these overlapping components. Historical R&D/preparation is bound once at suite level, without amortization.
historical_trial	D09-action-suppression	B	confirmation_wall	96.03810412506573	s			Simulator wall is nested within phase walls. own_trial_wall is the sum of phases; never add these overlapping components. Historical R&D/preparation is bound once at suite level, without amortization.
historical_trial	D09-action-suppression	B	own_trial_wall	125.44778620894067	s			Simulator wall is nested within phase walls. own_trial_wall is the sum of phases; never add these overlapping components. Historical R&D/preparation is bound once at suite level, without amortization.
historical_trial	D09-action-suppression	B	agent_tokens	unknown	tokens		Scripted solver used no model calls; engineering-session provider accounting is unavailable	Simulator wall is nested within phase walls. own_trial_wall is the sum of phases; never add these overlapping components. Historical R&D/preparation is bound once at suite level, without amortization.
historical_trial	D09-action-suppression	B	engineer_time	unknown	s		Not tracked; scripts do not measure engineer productivity	Simulator wall is nested within phase walls. own_trial_wall is the sum of phases; never add these overlapping components. Historical R&D/preparation is bound once at suite level, without amortization.
historical_trial	D09-action-suppression	B	provider_and_compute_charges	unknown	USD		No invoices or power meter	Simulator wall is nested within phase walls. own_trial_wall is the sum of phases; never add these overlapping components. Historical R&D/preparation is bound once at suite level, without amortization.
new_processing	D09-action-suppression	B	terminal_read_wall	0.01007666694931686	s			Nested in packet processing and outer command wall
new_processing	D09-action-suppression	B	writer_attempt_walls	0.00631841691210866	s	0.00631841691210866		Writer attempt walls include lock waits and may overlap between contending callers. Nested in caller command walls; not additional simulation cost or elapsed engineering time.
historical_trial	D10-opaque-policy-state	A	simulator_wall	3.457025	s			Simulator wall is nested within phase walls. own_trial_wall is the sum of phases; never add these overlapping components. Historical R&D/preparation is bound once at suite level, without amortization.
historical_trial	D10-opaque-policy-state	A	diagnostic_wall	3.9174205421004444	s			Simulator wall is nested within phase walls. own_trial_wall is the sum of phases; never add these overlapping components. Historical R&D/preparation is bound once at suite level, without amortization.
historical_trial	D10-opaque-policy-state	A	confirmation_wall	0	s			Simulator wall is nested within phase walls. own_trial_wall is the sum of phases; never add these overlapping components. Historical R&D/preparation is bound once at suite level, without amortization.
historical_trial	D10-opaque-policy-state	A	own_trial_wall	3.9174205421004444	s			Simulator wall is nested within phase walls. own_trial_wall is the sum of phases; never add these overlapping components. Historical R&D/preparation is bound once at suite level, without amortization.
historical_trial	D10-opaque-policy-state	A	agent_tokens	unknown	tokens		Scripted solver used no model calls; engineering-session provider accounting is unavailable	Simulator wall is nested within phase walls. own_trial_wall is the sum of phases; never add these overlapping components. Historical R&D/preparation is bound once at suite level, without amortization.
historical_trial	D10-opaque-policy-state	A	engineer_time	unknown	s		Not tracked; scripts do not measure engineer productivity	Simulator wall is nested within phase walls. own_trial_wall is the sum of phases; never add these overlapping components. Historical R&D/preparation is bound once at suite level, without amortization.
historical_trial	D10-opaque-policy-state	A	provider_and_compute_charges	unknown	USD		No invoices or power meter	Simulator wall is nested within phase walls. own_trial_wall is the sum of phases; never add these overlapping components. Historical R&D/preparation is bound once at suite level, without amortization.
new_processing	D10-opaque-policy-state	A	terminal_read_wall	0.005149499978870153	s			Nested in packet processing and outer command wall
new_processing	D10-opaque-policy-state	A	writer_attempt_walls	0.005227041197940707	s	0.005227041197940707		Writer attempt walls include lock waits and may overlap between contending callers. Nested in caller command walls; not additional simulation cost or elapsed engineering time.
historical_trial	D10-opaque-policy-state	B	simulator_wall	3.475065	s			Simulator wall is nested within phase walls. own_trial_wall is the sum of phases; never add these overlapping components. Historical R&D/preparation is bound once at suite level, without amortization.
historical_trial	D10-opaque-policy-state	B	diagnostic_wall	3.9059422919526696	s			Simulator wall is nested within phase walls. own_trial_wall is the sum of phases; never add these overlapping components. Historical R&D/preparation is bound once at suite level, without amortization.
historical_trial	D10-opaque-policy-state	B	confirmation_wall	0	s			Simulator wall is nested within phase walls. own_trial_wall is the sum of phases; never add these overlapping components. Historical R&D/preparation is bound once at suite level, without amortization.
historical_trial	D10-opaque-policy-state	B	own_trial_wall	3.9059422919526696	s			Simulator wall is nested within phase walls. own_trial_wall is the sum of phases; never add these overlapping components. Historical R&D/preparation is bound once at suite level, without amortization.
historical_trial	D10-opaque-policy-state	B	agent_tokens	unknown	tokens		Scripted solver used no model calls; engineering-session provider accounting is unavailable	Simulator wall is nested within phase walls. own_trial_wall is the sum of phases; never add these overlapping components. Historical R&D/preparation is bound once at suite level, without amortization.
historical_trial	D10-opaque-policy-state	B	engineer_time	unknown	s		Not tracked; scripts do not measure engineer productivity	Simulator wall is nested within phase walls. own_trial_wall is the sum of phases; never add these overlapping components. Historical R&D/preparation is bound once at suite level, without amortization.
historical_trial	D10-opaque-policy-state	B	provider_and_compute_charges	unknown	USD		No invoices or power meter	Simulator wall is nested within phase walls. own_trial_wall is the sum of phases; never add these overlapping components. Historical R&D/preparation is bound once at suite level, without amortization.
new_processing	D10-opaque-policy-state	B	terminal_read_wall	0.004926000023260713	s			Nested in packet processing and outer command wall
new_processing	D10-opaque-policy-state	B	writer_attempt_walls	0.015486541902646422	s	0.015486541902646422		Writer attempt walls include lock waits and may overlap between contending callers. Nested in caller command walls; not additional simulation cost or elapsed engineering time.
historical_shared_preparation	all	shared	recorded_command_wall	2534.406124	s		Unrecorded categories listed separately	Sum of recorded command walls excluding measured descendants of measured commands; overlapping independent commands are resource costs, not elapsed session time. Invocation, rollout and inference walls are nested components and are not added. No amortization across assignments.
historical_shared_preparation	all	shared	evaluation_lane_preparation_and_validation	unknown	s		The exchanged evaluation ledger reports partial scopes; total lane preparation and validation time remains unmeasured	Not zero; not amortized
historical_shared_preparation	all	shared	human_preparation_and_review	unknown	s		No time tracker	Not zero; not amortized
historical_shared_preparation	all	shared	agent_tokens	unknown	tokens		Provider accounting unavailable	Not zero; not amortized
historical_shared_preparation	all	shared	provider_and_compute_charges	unknown	USD		No invoices or power meter	Not zero; not amortized
historical_shared_preparation	all	shared	unrecorded_engineering_commands_and_edits	unknown	s		Only commands run through the command recorder are timed in this ledger	Not zero; not amortized
historical_shared_preparation	all	shared	overlapping_auxiliary_dependency_inspection	unknown	s		A historical duplicate dependency inspection was stopped; duration not recorded	Not zero; not amortized
new_processing	all	shared	packet_processing_wall	0.40702700009569526	s			New read/receipt processing only; nested stage/writer walls are not additive
new_processing	all	shared	engineer_effort_s	unknown	s		Not measured by command walls	Not zero
new_processing	all	shared	provider_charges_usd	unknown	USD		No attributable provider invoice	Not zero
new_processing	all	shared	energy_j	unknown	J		No energy meter	Not zero
new_processing	all	shared	unrecorded_processing_s	unknown	s		Only retained command and stage walls are measured	Not zero
