Exposed-record development declarations; no new experiment or effectiveness estimate.
case	arm	declaration	historical status	terminal record	old physical runs	old own wall (s)	new terminal read (s)
D01-gripper-sign	A	claim_acceptance	confirmed	accepted	70	121.13979212497361	0.009411
D01-gripper-sign	B	claim_acceptance	confirmed	accepted	70	120.47086954116821	0.008922
D02-cartesian-axis	A	claim_acceptance	confirmed	accepted	70	115.1731728350278	0.009124
D02-cartesian-axis	B	claim_acceptance	confirmed	accepted	70	122.68762025027536	0.010712
D03-observation-backlog	A	claim_acceptance	confirmed	accepted	70	96.20390683272853	0.009638
D03-observation-backlog	B	claim_acceptance	confirmed	accepted	70	97.957212833222	0.008884
D04-observation-hold	A	claim_acceptance	confirmed	accepted	70	106.18198033305816	0.00942
D04-observation-hold	B	claim_acceptance	confirmed	accepted	70	105.24378016684204	0.008228
D05-recurrent-carry	A	claim_acceptance	rejected	rejected	140	193.7690737103112	0.012869
D05-recurrent-carry	B	claim_acceptance	rejected	rejected	140	206.25731529016048	0.011916
D06-stateless-inference	A	refuse	unsupported	unresolved	2	2.7334674168378115	0.005855
D06-stateless-inference	B	refuse	unsupported	unresolved	2	2.5104675418697298	0.006
D07-sign-and-backlog	A	claim_acceptance	confirmed	accepted	72	117.70120895910077	0.009192
D07-sign-and-backlog	B	claim_acceptance	confirmed	accepted	72	131.7202511250507	0.00858
D08-old-future-replay	A	refuse	invalid	unresolved	2	9.955929249990731	0.005675
D08-old-future-replay	B	refuse	invalid	unresolved	2	9.99631566600874	0.005106
D09-action-suppression	A	claim_acceptance	confirmed	accepted	71	115.17769166617654	0.008532
D09-action-suppression	B	claim_acceptance	confirmed	accepted	71	125.44778620894067	0.010077
D10-opaque-policy-state	A	unresolved	unresolved	unresolved	2	3.9174205421004444	0.005149
D10-opaque-policy-state	B	unresolved	unresolved	unresolved	2	3.9059422919526696	0.004926
Missing: engineer_effort_s; provider_charges_usd; energy_j; unrecorded_processing_s
Terminal checker outcomes are not yet prospective claim classifications.
